date,category,region,units sold
01-01-2024,TV,West,102
02-01-2024,Shirt,East,836
03-01-2024,Rice,West,362
04-01-2024,Shirt,East,330
05-01-2024,Shirt,South,775
06-01-2024,Bread,North,80
07-01-2024,Rice,South,386
08-01-2024,Rice,North,232
09-01-2024,Rice,North,72
10-01-2024,Shirt,North,593
11-01-2024,TV,South,495
12-01-2024,Rice,North,123
13-01-2024,Shirt,South,59
14-01-2024,Bread,West,533
15-01-2024,TV,East,505
16-01-2024,Bread,East,615
17-01-2024,TV,North,613
18-01-2024,Shirt,South,709
19-01-2024,Milk,East,209
20-01-2024,TV,South,931
21-01-2024,Bread,South,63
22-01-2024,Shirt,North,227
23-01-2024,TV,East,461
24-01-2024,Milk,North,927
25-01-2024,Milk,North,102
26-01-2024,Rice,East,457
27-01-2024,Rice,East,896
28-01-2024,Bread,West,71
29-01-2024,TV,West,79
30-01-2024,TV,South,752
31-01-2024,Rice,East,309
01-02-2024,TV,West,254
02-02-2024,TV,South,108
03-02-2024,Milk,South,520
04-02-2024,Rice,South,825
05-02-2024,Shirt,West,515
06-02-2024,Rice,East,61
07-02-2024,Shirt,North,680
08-02-2024,Milk,South,976
09-02-2024,Bread,West,339
10-02-2024,TV,West,899
11-02-2024,Milk,North,809
12-02-2024,TV,North,403
13-02-2024,Bread,West,688
14-02-2024,Bread,East,124
15-02-2024,Milk,North,922
16-02-2024,Bread,West,765
17-02-2024,Shirt,North,610
18-02-2024,Bread,East,640
19-02-2024,TV,South,490
20-02-2024,TV,North,290
21-02-2024,TV,East,910
22-02-2024,TV,West,203
23-02-2024,Shirt,North,835
24-02-2024,Rice,North,145
25-02-2024,Milk,West,775
26-02-2024,TV,South,343
27-02-2024,Bread,West,258
28-02-2024,TV,North,392
29-02-2024,Bread,West,137
01-03-2024,Bread,East,867
02-03-2024,TV,West,825
03-03-2024,Shirt,North,986
04-03-2024,Bread,West,439
05-03-2024,Bread,South,374
06-03-2024,TV,West,989
07-03-2024,Bread,South,938
08-03-2024,Bread,East,881
09-03-2024,TV,South,206
10-03-2024,TV,West,717
11-03-2024,Milk,North,700
12-03-2024,Shirt,South,682
13-03-2024,Shirt,East,626
14-03-2024,Bread,South,668
15-03-2024,Shirt,South,708
16-03-2024,Bread,South,186
17-03-2024,Milk,East,972
18-03-2024,TV,West,723
19-03-2024,TV,South,477
20-03-2024,TV,South,501
21-03-2024,Shirt,North,661
22-03-2024,Milk,East,899
23-03-2024,Shirt,South,960
24-03-2024,Shirt,East,868
25-03-2024,Milk,South,190
26-03-2024,Milk,West,132
27-03-2024,Milk,West,226
28-03-2024,Milk,South,247
29-03-2024,TV,West,673
30-03-2024,Rice,South,617
31-03-2024,Rice,West,740
01-04-2024,Milk,North,470
02-04-2024,Rice,North,450
03-04-2024,Rice,North,747
04-04-2024,Milk,East,520
05-04-2024,Rice,East,267
06-04-2024,Shirt,North,974
07-04-2024,Bread,East,978
08-04-2024,Bread,West,877
09-04-2024,Milk,South,778
10-04-2024,TV,South,681
11-04-2024,Milk,South,955
12-04-2024,TV,North,224
13-04-2024,Bread,East,72
14-04-2024,Milk,West,774
15-04-2024,Shirt,West,966
16-04-2024,Rice,North,284
17-04-2024,TV,West,62
18-04-2024,Rice,West,150
19-04-2024,Rice,West,978
20-04-2024,Milk,West,585
21-04-2024,Rice,East,925
22-04-2024,Shirt,West,572
23-04-2024,Rice,South,834
24-04-2024,Milk,North,501
25-04-2024,Shirt,East,480
26-04-2024,Bread,West,842
27-04-2024,Rice,East,655
28-04-2024,Milk,West,762
29-04-2024,Bread,South,582
30-04-2024,Bread,North,901
01-05-2024,TV,West,772
02-05-2024,Shirt,West,701
03-05-2024,Rice,West,342
04-05-2024,Milk,West,859
05-05-2024,TV,North,962
06-05-2024,Shirt,North,150
07-05-2024,TV,South,551
08-05-2024,Shirt,North,353
09-05-2024,Shirt,West,920
10-05-2024,Rice,South,589
11-05-2024,Shirt,South,602
12-05-2024,TV,South,404
13-05-2024,Shirt,West,352
14-05-2024,Rice,East,545
15-05-2024,Rice,West,707
16-05-2024,TV,North,817
17-05-2024,Bread,North,276
18-05-2024,Bread,West,285
19-05-2024,Shirt,West,922
20-05-2024,Milk,South,941
21-05-2024,Shirt,West,504
22-05-2024,TV,South,62
23-05-2024,TV,North,259
24-05-2024,TV,South,790
25-05-2024,TV,West,446
26-05-2024,TV,North,149
27-05-2024,Rice,East,80
28-05-2024,Bread,South,947
29-05-2024,TV,North,577
30-05-2024,Milk,South,698
31-05-2024,Milk,North,378
01-06-2024,Milk,North,215
02-06-2024,Milk,South,508
03-06-2024,Rice,East,871
04-06-2024,Milk,North,149
05-06-2024,TV,North,670
06-06-2024,Shirt,North,904
07-06-2024,Milk,East,222
08-06-2024,Rice,East,798
09-06-2024,Rice,West,211
10-06-2024,Milk,South,954
11-06-2024,Shirt,East,777
12-06-2024,Milk,South,825
13-06-2024,Rice,West,312
14-06-2024,Bread,South,853
15-06-2024,TV,East,323
16-06-2024,Rice,South,52
17-06-2024,Milk,East,77
18-06-2024,TV,South,375
19-06-2024,Milk,East,989
20-06-2024,Milk,East,198
21-06-2024,Bread,South,589
22-06-2024,TV,West,537
23-06-2024,TV,North,871
24-06-2024,Bread,West,487
25-06-2024,Rice,South,114
26-06-2024,Milk,West,405
27-06-2024,Shirt,East,582
28-06-2024,Milk,North,301
29-06-2024,Milk,South,284
30-06-2024,Rice,South,276
01-07-2024,Milk,South,574
02-07-2024,Bread,North,362
03-07-2024,Bread,East,98
04-07-2024,TV,South,167
05-07-2024,Shirt,West,103
06-07-2024,Milk,South,699
07-07-2024,Milk,South,614
08-07-2024,Rice,South,93
09-07-2024,Bread,South,864
10-07-2024,Shirt,East,102
11-07-2024,TV,West,635
12-07-2024,Bread,East,607
13-07-2024,TV,West,574
14-07-2024,Rice,South,726
15-07-2024,Rice,North,151
16-07-2024,Milk,East,841
17-07-2024,Shirt,North,819
18-07-2024,TV,East,898
19-07-2024,Bread,South,917
20-07-2024,Rice,East,447
21-07-2024,Milk,South,187
22-07-2024,Milk,East,724
23-07-2024,TV,South,970
24-07-2024,Rice,South,436
25-07-2024,Shirt,West,160
26-07-2024,Rice,South,663
27-07-2024,TV,West,66
28-07-2024,TV,South,829
29-07-2024,Rice,North,231
30-07-2024,TV,South,933
31-07-2024,Rice,North,585
01-08-2024,Bread,North,590
02-08-2024,Rice,South,220
03-08-2024,Rice,North,458
04-08-2024,TV,West,789
05-08-2024,TV,East,427
06-08-2024,Milk,South,237
07-08-2024,Milk,North,907
08-08-2024,Bread,South,279
09-08-2024,Milk,West,882
10-08-2024,Rice,South,901
11-08-2024,TV,South,168
12-08-2024,Milk,North,205
13-08-2024,Milk,West,833
14-08-2024,Bread,East,736
15-08-2024,Bread,East,514
16-08-2024,Rice,North,153
17-08-2024,TV,South,653
18-08-2024,Bread,North,747
19-08-2024,Milk,North,844
20-08-2024,TV,North,551
21-08-2024,TV,South,742
22-08-2024,Milk,West,731
23-08-2024,Bread,North,748
24-08-2024,Milk,South,224
25-08-2024,TV,West,783
26-08-2024,Shirt,North,794
27-08-2024,Shirt,East,723
28-08-2024,Rice,West,470
29-08-2024,Milk,North,183
30-08-2024,Milk,West,440
31-08-2024,Rice,West,785
01-09-2024,Rice,West,550
02-09-2024,Rice,West,714
03-09-2024,TV,West,82
04-09-2024,Milk,West,104
05-09-2024,TV,North,568
06-09-2024,Rice,East,805
07-09-2024,Milk,South,874
08-09-2024,TV,West,687
09-09-2024,TV,South,61
10-09-2024,Rice,North,577
11-09-2024,Milk,West,769
12-09-2024,Rice,East,604
13-09-2024,Milk,South,422
14-09-2024,Shirt,West,533
15-09-2024,Bread,North,696
16-09-2024,Bread,East,277
17-09-2024,Bread,South,672
18-09-2024,Rice,South,356
19-09-2024,Shirt,West,506
20-09-2024,Milk,East,209
21-09-2024,TV,East,380
22-09-2024,Milk,East,825
23-09-2024,TV,East,274
24-09-2024,Milk,North,778
25-09-2024,Shirt,East,553
26-09-2024,TV,South,505
27-09-2024,Rice,South,94
28-09-2024,Milk,North,263
29-09-2024,Milk,South,108
30-09-2024,TV,South,693
01-10-2024,Rice,East,665
02-10-2024,Rice,South,244
03-10-2024,Shirt,North,974
04-10-2024,Rice,East,538
05-10-2024,Rice,West,206
06-10-2024,Rice,East,659
07-10-2024,Bread,North,275
08-10-2024,Shirt,East,461
09-10-2024,Milk,East,254
10-10-2024,TV,North,128
11-10-2024,Milk,East,173
12-10-2024,Shirt,North,520
13-10-2024,TV,North,989
14-10-2024,Shirt,West,267
15-10-2024,Rice,South,565
16-10-2024,TV,South,651
17-10-2024,Rice,East,153
18-10-2024,Milk,East,442
19-10-2024,Milk,West,680
20-10-2024,TV,West,694
21-10-2024,TV,West,873
22-10-2024,Shirt,North,657
23-10-2024,Shirt,West,483
24-10-2024,Rice,West,380
25-10-2024,TV,East,192
26-10-2024,Milk,West,849
27-10-2024,Shirt,North,589
28-10-2024,Shirt,North,327
29-10-2024,Milk,East,282
30-10-2024,Shirt,West,578
31-10-2024,Rice,West,620
01-11-2024,TV,North,139
02-11-2024,Milk,West,541
03-11-2024,TV,West,248
04-11-2024,Shirt,West,411
05-11-2024,Shirt,South,490
06-11-2024,Milk,East,75
07-11-2024,Rice,South,74
08-11-2024,Bread,East,443
09-11-2024,Milk,North,556
10-11-2024,Bread,West,350
11-11-2024,Bread,East,388
12-11-2024,Rice,South,316
13-11-2024,Bread,West,510
14-11-2024,Bread,North,742
15-11-2024,Rice,East,505
16-11-2024,Bread,East,409
17-11-2024,Bread,East,117
18-11-2024,Bread,West,912
19-11-2024,Milk,South,461
20-11-2024,Milk,South,540
21-11-2024,Milk,East,882
22-11-2024,Rice,North,98
23-11-2024,Shirt,North,736
24-11-2024,Bread,South,613
25-11-2024,Bread,North,151
26-11-2024,Rice,South,265
27-11-2024,Bread,East,487
28-11-2024,Milk,South,749
29-11-2024,Shirt,South,618
30-11-2024,TV,East,608
01-12-2024,Bread,North,208
02-12-2024,Milk,South,538
03-12-2024,TV,South,735
04-12-2024,Shirt,East,291
05-12-2024,TV,North,843
06-12-2024,Milk,South,802
07-12-2024,TV,East,931
08-12-2024,Rice,South,54
09-12-2024,TV,West,645
10-12-2024,Bread,East,869
11-12-2024,Bread,North,410
12-12-2024,Rice,North,508
13-12-2024,Milk,North,297
14-12-2024,Bread,North,615
15-12-2024,Shirt,South,722
16-12-2024,Bread,South,995
17-12-2024,Bread,North,471
18-12-2024,Milk,North,972
19-12-2024,TV,North,787
20-12-2024,Bread,South,64
21-12-2024,Rice,North,785
22-12-2024,TV,North,622
23-12-2024,Shirt,West,171
24-12-2024,Milk,West,326
25-12-2024,Shirt,North,607
26-12-2024,TV,East,502
27-12-2024,TV,North,439
28-12-2024,TV,West,343
29-12-2024,Shirt,East,623
30-12-2024,TV,East,647
31-12-2024,Shirt,North,495
01-01-2025,TV,West,259
02-01-2025,Rice,West,639
03-01-2025,TV,East,763
04-01-2025,Shirt,North,351
05-01-2025,Bread,South,958
06-01-2025,TV,South,272
07-01-2025,Bread,West,783
08-01-2025,Rice,South,52
09-01-2025,Milk,West,567
10-01-2025,Rice,West,142
11-01-2025,TV,West,569
12-01-2025,Bread,South,477
13-01-2025,Bread,West,542
14-01-2025,Shirt,East,284
15-01-2025,Bread,North,669
16-01-2025,Shirt,North,210
17-01-2025,Milk,West,770
18-01-2025,TV,North,801
19-01-2025,Shirt,South,380
20-01-2025,Milk,South,382
21-01-2025,Bread,North,99
22-01-2025,Bread,South,572
23-01-2025,Milk,North,912
24-01-2025,Bread,North,717
25-01-2025,Milk,North,541
26-01-2025,Shirt,West,631
27-01-2025,Shirt,North,730
28-01-2025,Milk,West,321
29-01-2025,Shirt,North,629
30-01-2025,Shirt,North,916
31-01-2025,Shirt,North,301
01-02-2025,Rice,South,609
02-02-2025,TV,West,745
03-02-2025,Bread,West,881
04-02-2025,Rice,North,748
05-02-2025,Shirt,North,139
06-02-2025,Milk,South,495
07-02-2025,Shirt,South,381
08-02-2025,TV,South,188
09-02-2025,Shirt,West,406
10-02-2025,Milk,West,650
11-02-2025,TV,West,323
12-02-2025,Shirt,North,68
13-02-2025,TV,West,360
14-02-2025,Bread,East,919
15-02-2025,Bread,East,935
16-02-2025,Shirt,South,203
17-02-2025,TV,West,439
18-02-2025,Milk,East,309
19-02-2025,Shirt,South,669
20-02-2025,Bread,West,932
21-02-2025,Bread,North,846
22-02-2025,Shirt,East,620
23-02-2025,TV,North,174
24-02-2025,Bread,West,403
25-02-2025,TV,East,322
26-02-2025,Bread,West,668
27-02-2025,Bread,North,860
28-02-2025,Rice,East,294
01-03-2025,Bread,North,897
02-03-2025,Milk,West,499
03-03-2025,Shirt,West,979
04-03-2025,Shirt,North,296
05-03-2025,TV,East,569
06-03-2025,Bread,North,190
07-03-2025,Milk,West,411
08-03-2025,TV,North,57
09-03-2025,Rice,West,527
10-03-2025,TV,North,401
11-03-2025,TV,East,544
12-03-2025,Bread,East,655
13-03-2025,Rice,North,882
14-03-2025,TV,North,476
15-03-2025,Milk,East,88
16-03-2025,Milk,West,642
17-03-2025,Shirt,East,236
18-03-2025,Rice,West,645
19-03-2025,Rice,North,649
20-03-2025,Shirt,North,803
21-03-2025,TV,West,903
22-03-2025,Rice,North,142
23-03-2025,Milk,West,135
24-03-2025,Milk,South,93
25-03-2025,Bread,East,186
26-03-2025,Rice,South,470
27-03-2025,TV,West,123
28-03-2025,Shirt,East,597
29-03-2025,Shirt,West,662
30-03-2025,TV,East,561
31-03-2025,Bread,East,205
01-04-2025,Shirt,East,987
02-04-2025,Rice,East,304
03-04-2025,Bread,West,220
04-04-2025,Rice,East,777
05-04-2025,Milk,East,219
06-04-2025,Bread,South,813
07-04-2025,Shirt,North,921
08-04-2025,Bread,North,371
09-04-2025,Bread,South,616
10-04-2025,Bread,South,505
11-04-2025,Bread,West,993
12-04-2025,Rice,West,652
13-04-2025,Milk,West,839
14-04-2025,TV,South,662
15-04-2025,Bread,South,204
16-04-2025,Shirt,East,938
17-04-2025,Bread,West,398
18-04-2025,Shirt,West,500
19-04-2025,Rice,West,925
20-04-2025,Shirt,North,702
21-04-2025,TV,East,222
22-04-2025,Milk,West,59
23-04-2025,Shirt,West,789
24-04-2025,Shirt,West,314
25-04-2025,Milk,North,487
26-04-2025,TV,North,809
27-04-2025,Bread,South,296
28-04-2025,Shirt,East,716
29-04-2025,Milk,South,595
30-04-2025,Rice,East,548
01-05-2025,Milk,North,178
02-05-2025,Rice,West,721
03-05-2025,TV,South,650
04-05-2025,Bread,West,654
05-05-2025,Milk,South,376
06-05-2025,Shirt,North,802
07-05-2025,TV,North,884
08-05-2025,Milk,North,453
09-05-2025,Shirt,South,678
10-05-2025,Milk,East,655
11-05-2025,Rice,South,724
12-05-2025,Milk,East,660
13-05-2025,Milk,South,674
14-05-2025,Milk,South,408
15-05-2025,TV,North,652
16-05-2025,Milk,West,907
17-05-2025,Shirt,West,767
18-05-2025,Rice,East,66
19-05-2025,Rice,West,323
20-05-2025,Milk,South,734
21-05-2025,TV,South,165
22-05-2025,TV,North,910
23-05-2025,Shirt,North,742
24-05-2025,Milk,West,140
25-05-2025,Rice,East,131
26-05-2025,TV,West,373
27-05-2025,Milk,West,163
28-05-2025,TV,West,818
29-05-2025,TV,West,107
30-05-2025,Rice,South,203
31-05-2025,Bread,East,926
01-06-2025,Shirt,South,453
02-06-2025,Shirt,East,677
03-06-2025,Rice,North,904
04-06-2025,TV,West,315
05-06-2025,Milk,South,364
06-06-2025,TV,East,764
07-06-2025,Rice,North,90
08-06-2025,Shirt,North,154
09-06-2025,TV,West,950
10-06-2025,Shirt,East,939
11-06-2025,Milk,South,242
12-06-2025,Shirt,West,450
13-06-2025,Shirt,South,327
14-06-2025,Bread,North,403
15-06-2025,Bread,South,798
16-06-2025,Bread,South,986
17-06-2025,Shirt,West,782
18-06-2025,Rice,South,629
19-06-2025,Shirt,West,758
20-06-2025,Rice,North,305
21-06-2025,Rice,West,700
22-06-2025,Bread,West,873
23-06-2025,TV,East,996
24-06-2025,Milk,South,710
25-06-2025,Bread,North,148
26-06-2025,Bread,West,637
27-06-2025,TV,North,331
28-06-2025,Milk,East,932
29-06-2025,Shirt,South,452
30-06-2025,Shirt,West,158
01-07-2025,Bread,South,749
02-07-2025,Milk,East,248
03-07-2025,Bread,East,352
04-07-2025,Rice,North,376
05-07-2025,Bread,West,203
06-07-2025,Bread,North,601
07-07-2025,Shirt,East,694
08-07-2025,Shirt,South,454
09-07-2025,Shirt,North,511
10-07-2025,Rice,North,181
11-07-2025,Shirt,South,840
12-07-2025,Milk,North,923
13-07-2025,TV,South,133
14-07-2025,Milk,West,448
15-07-2025,Milk,South,803
16-07-2025,Shirt,West,677
17-07-2025,TV,South,158
18-07-2025,TV,East,270
19-07-2025,TV,East,953
20-07-2025,Rice,West,602
21-07-2025,Shirt,West,417
22-07-2025,TV,East,196
23-07-2025,Rice,West,161
24-07-2025,Bread,South,664
25-07-2025,Bread,South,607
26-07-2025,Rice,East,973
27-07-2025,Rice,North,543
28-07-2025,Shirt,South,554
29-07-2025,Shirt,West,524
30-07-2025,Bread,North,885
31-07-2025,TV,North,939
01-08-2025,Bread,South,320
02-08-2025,TV,South,470
03-08-2025,TV,North,946
04-08-2025,Shirt,North,756
05-08-2025,Milk,East,416
06-08-2025,Milk,West,329
07-08-2025,Rice,East,332
08-08-2025,Shirt,South,89
09-08-2025,TV,East,238
10-08-2025,Milk,East,213
11-08-2025,TV,East,585
12-08-2025,Milk,East,585
13-08-2025,Milk,West,53
14-08-2025,Milk,West,884
15-08-2025,Shirt,North,339
16-08-2025,Bread,South,482
17-08-2025,TV,East,520
18-08-2025,Shirt,North,230
19-08-2025,Shirt,North,297
20-08-2025,Shirt,North,677
21-08-2025,Shirt,West,328
22-08-2025,Shirt,East,926
23-08-2025,Rice,East,630
24-08-2025,TV,South,912
25-08-2025,Shirt,East,303
26-08-2025,TV,East,230
27-08-2025,Rice,North,879
28-08-2025,Rice,South,730
29-08-2025,TV,East,874
30-08-2025,Milk,West,558
31-08-2025,Bread,East,810
01-09-2025,Milk,North,749
02-09-2025,Milk,West,615
03-09-2025,Milk,North,375
04-09-2025,Shirt,East,406
05-09-2025,Rice,West,874
06-09-2025,Milk,South,699
07-09-2025,Rice,South,729
08-09-2025,TV,West,440
09-09-2025,Bread,West,664
10-09-2025,TV,North,983
11-09-2025,TV,West,134
12-09-2025,Shirt,North,366
13-09-2025,Bread,East,261
14-09-2025,TV,North,564
15-09-2025,TV,West,433
16-09-2025,Bread,West,740
17-09-2025,Bread,East,391
18-09-2025,TV,West,864
19-09-2025,Bread,West,893
20-09-2025,TV,South,87
21-09-2025,TV,South,560
22-09-2025,Shirt,East,469
23-09-2025,Milk,North,800
24-09-2025,TV,South,218
25-09-2025,Rice,North,958
26-09-2025,Milk,West,392
27-09-2025,Milk,South,875
28-09-2025,Milk,East,355
29-09-2025,Shirt,East,591
30-09-2025,TV,East,751
01-10-2025,Shirt,South,918
02-10-2025,TV,North,586
03-10-2025,Shirt,West,161
04-10-2025,Shirt,North,460
05-10-2025,Rice,North,996
06-10-2025,Shirt,West,255
07-10-2025,Bread,West,234
08-10-2025,Rice,South,431
09-10-2025,Shirt,South,545
10-10-2025,Milk,South,428
11-10-2025,Bread,South,96
12-10-2025,Bread,South,935
13-10-2025,Bread,West,789
14-10-2025,Rice,North,600
15-10-2025,Shirt,South,577
16-10-2025,Shirt,South,553
17-10-2025,Milk,North,71
18-10-2025,Milk,South,262
19-10-2025,Bread,North,359
20-10-2025,Milk,North,710
21-10-2025,Rice,West,802
22-10-2025,Shirt,East,321
23-10-2025,Bread,West,620
24-10-2025,Milk,East,848
25-10-2025,Rice,East,987
26-10-2025,Rice,East,251
27-10-2025,Milk,South,81
28-10-2025,Shirt,West,492
29-10-2025,Milk,East,211
30-10-2025,Bread,North,816
31-10-2025,Milk,South,303
01-11-2025,Rice,West,570
02-11-2025,Milk,East,700
03-11-2025,Shirt,North,529
04-11-2025,TV,West,59
05-11-2025,Milk,West,775
06-11-2025,Shirt,South,554
07-11-2025,Shirt,West,834
08-11-2025,Rice,South,885
09-11-2025,Shirt,East,609
10-11-2025,Shirt,South,485
11-11-2025,Shirt,North,160
12-11-2025,Shirt,South,202
13-11-2025,Bread,North,684
14-11-2025,Bread,South,966
15-11-2025,Rice,West,918
16-11-2025,Milk,East,151
17-11-2025,Shirt,North,802
18-11-2025,Milk,South,882
19-11-2025,Milk,South,240
20-11-2025,Rice,South,778
21-11-2025,Shirt,West,612
22-11-2025,Shirt,West,853
23-11-2025,TV,North,130
24-11-2025,Milk,North,538
25-11-2025,Milk,West,944
26-11-2025,Bread,North,137
27-11-2025,TV,East,243
28-11-2025,Bread,East,153
29-11-2025,Bread,West,832
30-11-2025,Bread,North,145
01-12-2025,Rice,South,472
02-12-2025,Rice,East,940
03-12-2025,Bread,West,247
04-12-2025,TV,North,50
05-12-2025,Milk,West,456
06-12-2025,TV,South,427
07-12-2025,Shirt,East,216
08-12-2025,Rice,West,558
09-12-2025,Milk,West,687
10-12-2025,Milk,West,362
11-12-2025,Shirt,South,642
12-12-2025,Shirt,West,467
13-12-2025,Bread,South,812
14-12-2025,Rice,South,730
15-12-2025,Rice,South,526
16-12-2025,TV,East,122
17-12-2025,Bread,East,190
18-12-2025,Bread,West,631
19-12-2025,Bread,West,311
20-12-2025,Bread,East,389
21-12-2025,Rice,North,357
22-12-2025,Rice,East,294
23-12-2025,Bread,South,564
24-12-2025,TV,East,386
25-12-2025,Milk,South,624
26-12-2025,Milk,West,610
27-12-2025,TV,North,125
28-12-2025,Bread,West,929
29-12-2025,Rice,South,224
30-12-2025,Milk,South,158
31-12-2025,Shirt,South,232
01-01-2026,Shirt,North,241
02-01-2026,TV,East,114
03-01-2026,Bread,West,898
04-01-2026,Milk,West,523
05-01-2026,Bread,East,832
06-01-2026,Milk,West,149
07-01-2026,TV,North,593
08-01-2026,TV,West,913
09-01-2026,Shirt,South,177
10-01-2026,Bread,East,501
11-01-2026,Shirt,North,963
12-01-2026,Bread,East,418
13-01-2026,Shirt,North,900
14-01-2026,Rice,South,92
15-01-2026,Rice,East,933
16-01-2026,Rice,West,468
17-01-2026,Rice,North,537
18-01-2026,Milk,East,127
19-01-2026,Rice,West,875
20-01-2026,TV,East,850
21-01-2026,TV,East,319
22-01-2026,Milk,East,723
23-01-2026,Rice,North,750
24-01-2026,Rice,West,808
25-01-2026,Rice,South,949
26-01-2026,Shirt,North,777
27-01-2026,Bread,North,364
28-01-2026,Shirt,North,974
29-01-2026,Bread,South,900
30-01-2026,Rice,West,951
31-01-2026,Rice,West,938
01-02-2026,Shirt,West,994
02-02-2026,Shirt,East,217
03-02-2026,Bread,East,388
04-02-2026,TV,East,242
05-02-2026,Bread,South,502
06-02-2026,Shirt,East,332
07-02-2026,Shirt,South,385
08-02-2026,Milk,West,439
09-02-2026,Shirt,East,574
10-02-2026,Milk,East,289
11-02-2026,TV,North,881
12-02-2026,Bread,South,532
13-02-2026,Bread,West,708
14-02-2026,Milk,North,765
15-02-2026,Bread,North,641
16-02-2026,Shirt,West,940
17-02-2026,Rice,North,604
18-02-2026,Milk,South,507
19-02-2026,Bread,South,138
20-02-2026,Milk,East,709
21-02-2026,Milk,North,144
22-02-2026,Rice,East,501
23-02-2026,Shirt,North,477
24-02-2026,Milk,South,200
25-02-2026,Bread,South,563
26-02-2026,TV,South,425
27-02-2026,Milk,North,71
28-02-2026,Milk,South,932
01-03-2026,Rice,North,362
02-03-2026,Shirt,East,889
03-03-2026,TV,North,568
04-03-2026,Bread,East,255
05-03-2026,TV,North,424
06-03-2026,Bread,East,500
07-03-2026,Shirt,South,675
08-03-2026,Bread,East,833
09-03-2026,Rice,South,644
10-03-2026,Rice,South,228
11-03-2026,Rice,East,259
12-03-2026,Rice,North,549
13-03-2026,TV,North,513
14-03-2026,Shirt,West,889
15-03-2026,Bread,North,173
16-03-2026,Bread,West,162
17-03-2026,Rice,North,61
18-03-2026,Rice,North,175
19-03-2026,Milk,South,614
20-03-2026,Shirt,West,380
21-03-2026,TV,North,950
22-03-2026,Bread,West,332
23-03-2026,Milk,South,189
24-03-2026,Milk,South,450
25-03-2026,Bread,West,951
26-03-2026,TV,South,146
27-03-2026,Milk,East,566
28-03-2026,Milk,East,618
29-03-2026,Shirt,South,973
30-03-2026,TV,East,895
31-03-2026,Milk,North,118
01-04-2026,TV,West,167
02-04-2026,Bread,North,937
03-04-2026,Rice,West,108
04-04-2026,Milk,South,82
05-04-2026,Shirt,North,367
06-04-2026,Bread,South,99
07-04-2026,TV,South,929
08-04-2026,Bread,West,538
09-04-2026,Milk,West,68
10-04-2026,TV,West,775
11-04-2026,Rice,North,246
12-04-2026,Bread,East,940
13-04-2026,Milk,West,499
14-04-2026,Shirt,West,608
15-04-2026,TV,North,728
16-04-2026,Bread,West,501
17-04-2026,Bread,North,338
18-04-2026,Rice,South,190
19-04-2026,Rice,West,133
20-04-2026,Shirt,West,743
21-04-2026,Shirt,South,440
22-04-2026,Milk,South,640
23-04-2026,Milk,South,264
24-04-2026,Shirt,West,575
25-04-2026,Shirt,East,264
26-04-2026,TV,East,452
27-04-2026,Rice,East,177
28-04-2026,Milk,West,871
29-04-2026,Rice,South,526
30-04-2026,Rice,West,809
01-05-2026,Shirt,South,453
02-05-2026,TV,West,78
03-05-2026,Bread,West,841
04-05-2026,TV,South,387
05-05-2026,TV,East,880
06-05-2026,Rice,South,763
07-05-2026,TV,North,410
08-05-2026,Milk,North,618
09-05-2026,Rice,South,441
10-05-2026,Milk,West,267
11-05-2026,Bread,North,623
12-05-2026,Rice,North,718
13-05-2026,Bread,West,251
14-05-2026,Rice,West,66
15-05-2026,Shirt,East,371
16-05-2026,TV,West,567
17-05-2026,Shirt,South,619
18-05-2026,Bread,South,374
19-05-2026,TV,East,461
20-05-2026,Rice,North,367
21-05-2026,TV,North,730
22-05-2026,Milk,West,131
23-05-2026,TV,South,523
24-05-2026,Milk,North,517
25-05-2026,TV,East,474
26-05-2026,Milk,East,994
27-05-2026,Bread,South,780
28-05-2026,Shirt,East,738
29-05-2026,Rice,East,253
30-05-2026,TV,South,632
31-05-2026,Shirt,West,436
01-06-2026,Rice,West,827
02-06-2026,Rice,East,147
03-06-2026,Milk,West,394
04-06-2026,Bread,West,852
05-06-2026,Bread,East,257
06-06-2026,Shirt,West,563
07-06-2026,Bread,East,685
08-06-2026,TV,North,841
09-06-2026,Bread,South,635
10-06-2026,Shirt,South,215
11-06-2026,Bread,West,71
12-06-2026,TV,West,203
13-06-2026,Milk,West,988
14-06-2026,Shirt,South,488
15-06-2026,Milk,North,344
16-06-2026,Milk,North,268
17-06-2026,Milk,South,718
18-06-2026,Rice,North,544
19-06-2026,Rice,South,279
20-06-2026,Milk,North,69
21-06-2026,Shirt,East,602
22-06-2026,TV,East,999
23-06-2026,TV,South,197
24-06-2026,Bread,North,157
25-06-2026,Shirt,West,452
26-06-2026,Rice,North,645
27-06-2026,Milk,East,532
28-06-2026,Bread,East,416
29-06-2026,TV,North,883
30-06-2026,Rice,North,463
01-07-2026,Rice,West,358
02-07-2026,Milk,West,851
03-07-2026,TV,North,967
04-07-2026,Shirt,North,884
05-07-2026,Rice,North,183
06-07-2026,Milk,North,768
07-07-2026,Shirt,South,332
08-07-2026,TV,North,827
09-07-2026,Rice,West,122
10-07-2026,Shirt,East,530
11-07-2026,Shirt,South,401
12-07-2026,Shirt,North,609
13-07-2026,Rice,East,375
14-07-2026,Rice,South,794
15-07-2026,Bread,East,492
16-07-2026,TV,North,149
17-07-2026,Milk,North,108
18-07-2026,Shirt,West,557
19-07-2026,Bread,North,307
20-07-2026,Milk,North,462
21-07-2026,Bread,South,501
22-07-2026,Rice,West,114
23-07-2026,Shirt,South,644
24-07-2026,Milk,East,203
25-07-2026,Milk,North,315
26-07-2026,Milk,East,870
27-07-2026,Milk,South,128
28-07-2026,Milk,North,364
29-07-2026,Bread,North,711
30-07-2026,Shirt,South,996
31-07-2026,Rice,South,609
01-08-2026,Rice,South,966
02-08-2026,Rice,South,940
03-08-2026,Rice,South,297
04-08-2026,Bread,North,839
05-08-2026,TV,South,917
06-08-2026,Shirt,North,659
07-08-2026,Milk,North,463
08-08-2026,TV,South,74
09-08-2026,Rice,South,333
10-08-2026,TV,West,498
11-08-2026,Shirt,North,930
12-08-2026,Milk,South,350
13-08-2026,Milk,South,117
14-08-2026,Shirt,South,56
15-08-2026,Shirt,West,866
16-08-2026,Rice,West,186
17-08-2026,Milk,East,213
18-08-2026,TV,North,132
19-08-2026,Bread,East,946
20-08-2026,Bread,South,699
21-08-2026,Shirt,West,469
22-08-2026,Rice,West,122
23-08-2026,Bread,East,286
24-08-2026,Milk,West,95
25-08-2026,Shirt,South,667
26-08-2026,TV,West,977
27-08-2026,Shirt,East,849
28-08-2026,TV,South,311
29-08-2026,Shirt,East,225
30-08-2026,Shirt,West,215
31-08-2026,Shirt,East,706
01-09-2026,TV,East,891
02-09-2026,TV,North,419
03-09-2026,Shirt,West,844
04-09-2026,Bread,West,103
05-09-2026,Rice,East,739
06-09-2026,Rice,North,468
07-09-2026,Rice,West,805
08-09-2026,TV,South,556
09-09-2026,TV,East,390
10-09-2026,Bread,West,176
11-09-2026,Rice,South,458
12-09-2026,Rice,West,973
13-09-2026,Shirt,South,416
14-09-2026,TV,East,320
15-09-2026,Rice,West,693
16-09-2026,Bread,West,654
17-09-2026,Bread,North,428
18-09-2026,Rice,East,122
19-09-2026,TV,South,972
20-09-2026,Bread,West,971
21-09-2026,Shirt,West,964
22-09-2026,Bread,South,297
23-09-2026,Milk,East,909
24-09-2026,Milk,North,834
25-09-2026,TV,North,92
26-09-2026,Rice,West,426
27-09-2026,TV,South,90
28-09-2026,TV,West,219
29-09-2026,TV,South,995
30-09-2026,TV,North,261
01-10-2026,Shirt,East,542
02-10-2026,Shirt,South,729
03-10-2026,Bread,North,88
04-10-2026,Milk,West,418
05-10-2026,TV,South,806
06-10-2026,Bread,East,200
07-10-2026,Milk,West,160
08-10-2026,Rice,West,529
09-10-2026,Shirt,North,485
10-10-2026,Milk,South,96
11-10-2026,Rice,West,624
12-10-2026,Milk,East,786
13-10-2026,Shirt,South,415
14-10-2026,Shirt,East,118
15-10-2026,Bread,West,348
16-10-2026,TV,East,993
17-10-2026,Milk,North,851
18-10-2026,Milk,East,345
19-10-2026,Rice,South,252
20-10-2026,Shirt,East,110
21-10-2026,Milk,East,995
22-10-2026,Shirt,North,879
23-10-2026,Milk,East,363
24-10-2026,Bread,East,210
25-10-2026,TV,West,380
26-10-2026,Milk,West,577
27-10-2026,Shirt,South,387
28-10-2026,Bread,West,655
29-10-2026,Milk,West,353
30-10-2026,Rice,West,552
31-10-2026,TV,West,699
01-11-2026,Milk,North,387
02-11-2026,Bread,West,599
03-11-2026,Rice,North,688
04-11-2026,Bread,North,324
05-11-2026,Bread,West,213
06-11-2026,Rice,East,492
07-11-2026,Bread,North,368
08-11-2026,Rice,East,638
09-11-2026,Milk,East,553
10-11-2026,Rice,West,735
11-11-2026,Rice,South,436
12-11-2026,TV,West,919
13-11-2026,Rice,South,882
14-11-2026,Rice,South,937
15-11-2026,Milk,West,652
16-11-2026,TV,West,799
17-11-2026,Shirt,South,825
18-11-2026,Milk,West,740
19-11-2026,Milk,South,543
20-11-2026,Shirt,East,539
21-11-2026,Rice,West,770
22-11-2026,Bread,East,122
23-11-2026,TV,North,558
24-11-2026,Bread,East,439
25-11-2026,Shirt,East,668
26-11-2026,Milk,South,906
27-11-2026,Milk,East,344
28-11-2026,TV,West,418
29-11-2026,Milk,South,845
30-11-2026,Milk,North,914
01-12-2026,TV,West,743
02-12-2026,TV,North,598
03-12-2026,Shirt,East,698
04-12-2026,Milk,West,899
05-12-2026,Milk,West,617
06-12-2026,Shirt,North,236
07-12-2026,Rice,West,902
08-12-2026,Rice,West,819
09-12-2026,Rice,West,494
10-12-2026,Shirt,East,619
11-12-2026,Milk,North,412
12-12-2026,Shirt,West,172
13-12-2026,Shirt,South,237
14-12-2026,Rice,South,791
15-12-2026,Bread,South,729
16-12-2026,Milk,South,469
17-12-2026,Rice,East,675
18-12-2026,Bread,West,301
19-12-2026,Bread,North,668
20-12-2026,TV,West,598
21-12-2026,Milk,East,384
22-12-2026,Bread,South,141
23-12-2026,Rice,East,579
24-12-2026,TV,West,915
25-12-2026,Milk,North,112
26-12-2026,Shirt,East,711
27-12-2026,Rice,North,561
28-12-2026,Bread,East,188
29-12-2026,Bread,North,747
30-12-2026,Rice,North,234
31-12-2026,Bread,South,254
01-01-2027,TV,North,821
02-01-2027,Milk,South,263
03-01-2027,TV,West,305
04-01-2027,Bread,West,184
05-01-2027,Shirt,South,622
06-01-2027,Milk,South,924
07-01-2027,Milk,East,871
08-01-2027,Rice,East,137
09-01-2027,Rice,East,885
10-01-2027,Shirt,West,256
11-01-2027,Milk,East,178
12-01-2027,Shirt,North,872
13-01-2027,Rice,North,52
14-01-2027,Rice,East,983
15-01-2027,Milk,North,803
16-01-2027,TV,West,170
17-01-2027,Bread,North,434
18-01-2027,Rice,West,663
19-01-2027,Rice,South,87
20-01-2027,TV,South,390
21-01-2027,TV,South,974
22-01-2027,Shirt,South,694
23-01-2027,Shirt,North,763
24-01-2027,Bread,East,909
25-01-2027,Bread,North,70
26-01-2027,Milk,West,291
27-01-2027,Shirt,North,504
28-01-2027,Rice,North,670
29-01-2027,Shirt,West,352
30-01-2027,Rice,South,645
31-01-2027,TV,South,644
01-02-2027,Shirt,South,852
02-02-2027,TV,East,118
03-02-2027,Bread,West,178
04-02-2027,Bread,West,245
05-02-2027,Milk,North,189
06-02-2027,Shirt,East,493
07-02-2027,TV,South,332
08-02-2027,Rice,East,361
09-02-2027,Bread,West,795
10-02-2027,Bread,West,584
11-02-2027,Rice,North,714
12-02-2027,TV,North,326
13-02-2027,TV,West,110
14-02-2027,Shirt,South,368
15-02-2027,Shirt,South,939
16-02-2027,Milk,East,101
17-02-2027,Bread,West,905
18-02-2027,Shirt,West,202
19-02-2027,TV,South,798
20-02-2027,Rice,South,360
21-02-2027,TV,West,863
22-02-2027,Bread,North,593
23-02-2027,TV,West,616
24-02-2027,Milk,West,913
25-02-2027,Bread,South,438
26-02-2027,Rice,South,597
27-02-2027,Milk,North,671
28-02-2027,Bread,North,226
01-03-2027,Rice,East,411
02-03-2027,Milk,West,363
03-03-2027,Milk,South,856
04-03-2027,Bread,North,897
05-03-2027,Shirt,East,146
06-03-2027,Milk,East,930
07-03-2027,Milk,South,262
08-03-2027,Rice,South,878
09-03-2027,TV,East,186
10-03-2027,Bread,North,55
11-03-2027,Bread,East,158
12-03-2027,Shirt,West,596
13-03-2027,Shirt,West,88
14-03-2027,Bread,South,711
15-03-2027,Shirt,North,474
16-03-2027,Rice,North,679
17-03-2027,Bread,West,310
18-03-2027,Shirt,East,475
19-03-2027,Bread,South,136
20-03-2027,TV,East,514
21-03-2027,Milk,East,125
22-03-2027,Bread,East,520
23-03-2027,Milk,North,463
24-03-2027,Shirt,West,874
25-03-2027,Milk,North,944
26-03-2027,Bread,West,775
27-03-2027,TV,South,506
28-03-2027,Shirt,South,334
29-03-2027,Bread,East,288
30-03-2027,Shirt,West,726
31-03-2027,Rice,West,648
01-04-2027,Milk,West,702
02-04-2027,Rice,East,721
03-04-2027,Bread,East,607
04-04-2027,TV,South,421
05-04-2027,Shirt,North,544
06-04-2027,Milk,West,673
07-04-2027,Shirt,West,968
08-04-2027,Bread,North,94
09-04-2027,Shirt,West,450
10-04-2027,Milk,East,296
11-04-2027,Bread,East,665
12-04-2027,Shirt,West,646
13-04-2027,TV,East,499
14-04-2027,Bread,East,534
15-04-2027,Bread,West,695
16-04-2027,TV,South,669
17-04-2027,Rice,North,67
18-04-2027,Milk,East,655
19-04-2027,Rice,South,711
20-04-2027,Shirt,East,807
21-04-2027,TV,East,338
22-04-2027,Rice,North,463
23-04-2027,Bread,East,770
24-04-2027,Shirt,North,687
25-04-2027,Shirt,North,284
26-04-2027,Rice,North,465
27-04-2027,Rice,South,987
28-04-2027,TV,West,548
29-04-2027,Milk,South,683
30-04-2027,Rice,West,699
01-05-2027,Rice,West,164
02-05-2027,Bread,North,981
03-05-2027,Shirt,East,723
04-05-2027,Milk,North,762
05-05-2027,Bread,East,283
06-05-2027,TV,West,589
07-05-2027,TV,North,60
08-05-2027,Rice,East,255
09-05-2027,Rice,South,728
10-05-2027,TV,East,296
11-05-2027,Rice,North,608
12-05-2027,Milk,South,807
13-05-2027,Rice,East,176
14-05-2027,Shirt,East,196
15-05-2027,Rice,East,167
16-05-2027,Bread,East,960
17-05-2027,Milk,East,431
18-05-2027,Bread,South,461
19-05-2027,Bread,West,713
20-05-2027,Shirt,South,633
21-05-2027,Milk,South,412
22-05-2027,Milk,South,558
23-05-2027,Milk,West,186
24-05-2027,Milk,North,224
25-05-2027,Milk,West,338
26-05-2027,Shirt,South,530
27-05-2027,Rice,East,68
28-05-2027,Bread,East,244
29-05-2027,Milk,South,379
30-05-2027,Rice,East,985
31-05-2027,Rice,South,224
01-06-2027,Bread,East,498
02-06-2027,Shirt,West,974
03-06-2027,TV,North,995
04-06-2027,TV,North,403
05-06-2027,Rice,West,548
06-06-2027,Bread,West,190
07-06-2027,TV,South,807
08-06-2027,Rice,South,946
09-06-2027,Shirt,South,979
10-06-2027,TV,East,142
11-06-2027,Rice,South,993
12-06-2027,Rice,West,288
13-06-2027,Milk,North,254
14-06-2027,Shirt,East,609
15-06-2027,Milk,South,482
16-06-2027,Bread,East,294
17-06-2027,Milk,East,881
18-06-2027,Milk,South,366
19-06-2027,TV,East,974
20-06-2027,Rice,North,344
21-06-2027,Shirt,West,689
22-06-2027,Milk,West,905
23-06-2027,Shirt,North,331
24-06-2027,Milk,East,66
25-06-2027,Bread,South,120
26-06-2027,Milk,East,318
27-06-2027,TV,North,374
28-06-2027,Rice,East,843
29-06-2027,Bread,West,354
30-06-2027,Milk,East,500
01-07-2027,Shirt,North,56
02-07-2027,Bread,West,363
03-07-2027,Bread,East,866
04-07-2027,Milk,East,152
05-07-2027,Bread,West,870
06-07-2027,Shirt,South,242
07-07-2027,Bread,West,802
08-07-2027,Shirt,South,623
09-07-2027,Milk,North,578
10-07-2027,Rice,North,220
11-07-2027,Bread,West,586
12-07-2027,Rice,West,300
13-07-2027,Shirt,North,814
14-07-2027,Bread,South,436
15-07-2027,TV,North,256
16-07-2027,Rice,West,590
17-07-2027,Bread,North,678
18-07-2027,Rice,West,465
19-07-2027,Bread,West,843
20-07-2027,Milk,North,429
21-07-2027,Rice,South,193
22-07-2027,TV,East,74
23-07-2027,TV,North,871
24-07-2027,Shirt,East,717
25-07-2027,Bread,North,122
26-07-2027,Rice,East,681
27-07-2027,Shirt,South,873
28-07-2027,Rice,South,882
29-07-2027,Bread,North,142
30-07-2027,TV,West,554
31-07-2027,Milk,East,647
01-08-2027,TV,West,385
02-08-2027,Shirt,West,474
03-08-2027,Milk,West,548
04-08-2027,Shirt,South,413
05-08-2027,Bread,North,996
06-08-2027,Milk,North,679
07-08-2027,Shirt,South,794
08-08-2027,Bread,South,248
09-08-2027,TV,North,767
10-08-2027,Bread,West,462
11-08-2027,Rice,East,388
12-08-2027,Bread,East,708
13-08-2027,Bread,East,986
14-08-2027,Rice,West,478
15-08-2027,Shirt,North,832
16-08-2027,Shirt,South,948
17-08-2027,Bread,North,188
18-08-2027,Rice,West,742
19-08-2027,Rice,South,991
20-08-2027,TV,West,591
21-08-2027,Shirt,East,106
22-08-2027,Milk,East,281
23-08-2027,Shirt,West,707
24-08-2027,Shirt,South,484
25-08-2027,TV,South,433
26-08-2027,Milk,North,609
27-08-2027,TV,East,243
28-08-2027,Milk,North,785
29-08-2027,Bread,North,697
30-08-2027,Milk,West,583
31-08-2027,TV,West,567
01-09-2027,Shirt,North,765
02-09-2027,Milk,East,800
03-09-2027,Milk,West,234
04-09-2027,Rice,North,921
05-09-2027,Shirt,North,341
06-09-2027,Bread,North,384
07-09-2027,TV,North,781
08-09-2027,Bread,North,165
09-09-2027,Shirt,North,874
10-09-2027,Milk,West,98
11-09-2027,Milk,East,734
12-09-2027,Shirt,North,131
13-09-2027,Milk,South,883
14-09-2027,Milk,West,382
15-09-2027,Milk,West,606
16-09-2027,TV,North,384
17-09-2027,TV,West,581
18-09-2027,Rice,North,270
19-09-2027,Bread,East,684
20-09-2027,Shirt,East,795
21-09-2027,Shirt,West,782
22-09-2027,Shirt,West,372
23-09-2027,Rice,South,900
24-09-2027,TV,West,52
25-09-2027,Rice,South,743
26-09-2027,Shirt,East,255
27-09-2027,Bread,East,881
28-09-2027,Milk,North,89
29-09-2027,TV,East,108
30-09-2027,TV,South,623
01-10-2027,Rice,West,693
02-10-2027,TV,North,556
03-10-2027,Shirt,South,621
04-10-2027,Shirt,West,933
05-10-2027,Rice,North,892
06-10-2027,Shirt,East,171
07-10-2027,Bread,South,528
08-10-2027,Rice,West,668
09-10-2027,Bread,North,145
10-10-2027,Milk,North,908
11-10-2027,Bread,East,463
12-10-2027,Milk,West,284
13-10-2027,Milk,East,947
14-10-2027,Bread,East,111
15-10-2027,Rice,West,305
16-10-2027,Shirt,West,610
17-10-2027,Shirt,West,954
18-10-2027,Milk,South,397
19-10-2027,Milk,West,720
20-10-2027,Rice,North,173
21-10-2027,TV,East,531
22-10-2027,Bread,South,366
23-10-2027,Milk,West,553
24-10-2027,Shirt,South,768
25-10-2027,Rice,West,97
26-10-2027,Bread,South,458
27-10-2027,Rice,East,981
28-10-2027,Bread,East,185
29-10-2027,Bread,North,250
30-10-2027,Milk,North,299
31-10-2027,Rice,West,363
01-11-2027,Rice,East,918
02-11-2027,Shirt,South,417
03-11-2027,Shirt,South,478
04-11-2027,Milk,South,879
05-11-2027,Milk,North,856
06-11-2027,TV,South,529
07-11-2027,Shirt,North,363
08-11-2027,Bread,North,549
09-11-2027,Rice,West,770
10-11-2027,Milk,South,404
11-11-2027,Rice,South,534
12-11-2027,Rice,East,260
13-11-2027,TV,West,753
14-11-2027,Shirt,East,93
15-11-2027,Milk,West,590
16-11-2027,Rice,South,620
17-11-2027,Milk,North,632
18-11-2027,Bread,North,141
19-11-2027,TV,North,314
20-11-2027,Bread,North,944
21-11-2027,Milk,North,269
22-11-2027,Milk,East,951
23-11-2027,Shirt,West,974
24-11-2027,Rice,South,491
25-11-2027,Rice,East,450
26-11-2027,Bread,West,449
27-11-2027,TV,North,776
28-11-2027,Rice,West,948
29-11-2027,Shirt,West,838
30-11-2027,Bread,North,625
01-12-2027,Bread,North,907
02-12-2027,Shirt,North,853
03-12-2027,TV,South,539
04-12-2027,Shirt,North,534
05-12-2027,TV,South,806
06-12-2027,Shirt,North,519
07-12-2027,Shirt,South,623
08-12-2027,Milk,West,987
09-12-2027,Bread,East,893
10-12-2027,Shirt,West,731
11-12-2027,Shirt,West,494
12-12-2027,Rice,North,318
13-12-2027,Bread,South,316
14-12-2027,Rice,East,103
15-12-2027,Bread,North,577
16-12-2027,Rice,North,569
17-12-2027,Shirt,North,665
18-12-2027,Shirt,West,108
19-12-2027,Milk,South,874
20-12-2027,Rice,South,89
21-12-2027,TV,East,286
22-12-2027,Milk,South,435
23-12-2027,Rice,South,655
24-12-2027,Rice,North,783
25-12-2027,Milk,North,765
26-12-2027,Shirt,West,699
27-12-2027,Rice,North,349
28-12-2027,Shirt,North,444
29-12-2027,Milk,North,256
30-12-2027,Shirt,North,385
31-12-2027,Bread,West,642
01-01-2028,TV,North,779
02-01-2028,Rice,East,563
03-01-2028,TV,East,227
04-01-2028,Shirt,East,445
05-01-2028,Rice,East,420
06-01-2028,Shirt,North,907
07-01-2028,Bread,East,840
08-01-2028,Milk,North,707
09-01-2028,Rice,West,367
10-01-2028,Bread,East,785
11-01-2028,Bread,South,418
12-01-2028,Rice,East,433
13-01-2028,Shirt,East,111
14-01-2028,Bread,North,855
15-01-2028,TV,East,554
16-01-2028,Bread,South,288
17-01-2028,Shirt,North,244
18-01-2028,Shirt,North,727
19-01-2028,TV,West,271
20-01-2028,Bread,West,110
21-01-2028,Shirt,East,178
22-01-2028,Rice,West,734
23-01-2028,Milk,West,205
24-01-2028,Milk,West,966
25-01-2028,Milk,North,427
26-01-2028,Bread,North,671
27-01-2028,TV,North,830
28-01-2028,Shirt,West,972
29-01-2028,Rice,North,917
30-01-2028,Rice,West,952
31-01-2028,Bread,North,839
01-02-2028,Milk,North,635
02-02-2028,Bread,South,486
03-02-2028,TV,East,256
04-02-2028,TV,West,437
05-02-2028,Shirt,South,529
06-02-2028,Shirt,North,840
07-02-2028,TV,West,936
08-02-2028,TV,North,887
09-02-2028,TV,East,389
10-02-2028,Bread,South,918
11-02-2028,TV,East,389
12-02-2028,Rice,South,253
13-02-2028,Milk,North,210
14-02-2028,TV,East,589
15-02-2028,Milk,East,441
16-02-2028,Bread,North,818
17-02-2028,Milk,East,726
18-02-2028,Bread,West,624
19-02-2028,Rice,South,583
20-02-2028,Bread,South,119
21-02-2028,Bread,South,942
22-02-2028,Shirt,West,454
23-02-2028,TV,South,657
24-02-2028,TV,North,724
25-02-2028,Rice,East,640
26-02-2028,Rice,West,566
27-02-2028,TV,South,877
28-02-2028,Shirt,North,169
29-02-2028,TV,East,863
01-03-2028,Shirt,East,739
02-03-2028,Rice,West,737
03-03-2028,Milk,West,951
04-03-2028,Rice,West,266
05-03-2028,Rice,North,105
06-03-2028,Bread,North,415
07-03-2028,Bread,West,748
08-03-2028,Bread,South,553
09-03-2028,Bread,East,793
10-03-2028,Shirt,East,816
11-03-2028,TV,North,974
12-03-2028,Milk,East,504
13-03-2028,Rice,South,153
14-03-2028,Shirt,East,126
15-03-2028,Milk,North,279
16-03-2028,Shirt,North,963
17-03-2028,Shirt,South,307
18-03-2028,Rice,South,313
19-03-2028,TV,East,380
20-03-2028,Bread,East,231
21-03-2028,TV,North,942
22-03-2028,Rice,South,817
23-03-2028,Rice,South,599
24-03-2028,Rice,South,737
25-03-2028,Milk,East,76
26-03-2028,TV,South,325
27-03-2028,TV,North,701
28-03-2028,Shirt,North,348
29-03-2028,Shirt,East,848
30-03-2028,Shirt,West,140
31-03-2028,Rice,East,529
01-04-2028,TV,West,622
02-04-2028,Rice,South,507
03-04-2028,Milk,East,500
04-04-2028,Shirt,North,414
05-04-2028,Rice,South,908
06-04-2028,Rice,North,724
07-04-2028,Milk,South,400
08-04-2028,Bread,East,704
09-04-2028,TV,West,449
10-04-2028,Bread,South,302
11-04-2028,Shirt,West,830
12-04-2028,Rice,South,930
13-04-2028,Milk,North,852
14-04-2028,Milk,North,508
15-04-2028,TV,South,748
16-04-2028,Bread,West,966
17-04-2028,TV,East,548
18-04-2028,Rice,East,999
19-04-2028,TV,North,975
20-04-2028,Milk,East,557
21-04-2028,Milk,North,353
22-04-2028,Shirt,East,550
23-04-2028,Shirt,South,852
24-04-2028,Rice,North,647
25-04-2028,Bread,North,215
26-04-2028,TV,South,464
27-04-2028,Rice,North,511
28-04-2028,Shirt,East,969
29-04-2028,TV,East,163
30-04-2028,Shirt,North,482
01-05-2028,TV,East,405
02-05-2028,Bread,West,977
03-05-2028,Rice,North,744
04-05-2028,TV,South,256
05-05-2028,Milk,West,817
06-05-2028,Milk,North,284
07-05-2028,TV,South,491
08-05-2028,TV,East,404
09-05-2028,TV,South,564
10-05-2028,Milk,West,257
11-05-2028,Milk,East,758
12-05-2028,TV,North,902
13-05-2028,Shirt,East,174
14-05-2028,Shirt,North,187
15-05-2028,Bread,North,388
16-05-2028,Rice,South,586
17-05-2028,Shirt,South,117
18-05-2028,Milk,South,622
19-05-2028,Shirt,West,590
20-05-2028,Bread,West,432
21-05-2028,Bread,South,68
22-05-2028,Rice,West,732
23-05-2028,Shirt,East,499
24-05-2028,Milk,East,123
25-05-2028,Milk,West,622
26-05-2028,TV,West,988
27-05-2028,Milk,East,714
28-05-2028,Rice,North,325
29-05-2028,Rice,East,97
30-05-2028,Milk,East,260
31-05-2028,Milk,West,904
01-06-2028,TV,East,969
02-06-2028,Milk,West,700
03-06-2028,TV,West,671
04-06-2028,TV,South,744
05-06-2028,Milk,East,589
06-06-2028,Bread,North,758
07-06-2028,Bread,South,240
08-06-2028,TV,West,364
09-06-2028,Milk,West,950
10-06-2028,Bread,North,612
11-06-2028,Milk,West,710
12-06-2028,Milk,East,829
13-06-2028,Milk,South,611
14-06-2028,Shirt,West,949
15-06-2028,Milk,West,807
16-06-2028,Shirt,North,162
17-06-2028,TV,East,219
18-06-2028,Bread,West,517
19-06-2028,Bread,North,727
20-06-2028,Bread,West,970
21-06-2028,Bread,North,63
22-06-2028,Bread,North,764
23-06-2028,Bread,East,337
24-06-2028,Bread,West,956
25-06-2028,TV,East,238
26-06-2028,Milk,North,963
27-06-2028,Rice,South,204
28-06-2028,Shirt,West,616
29-06-2028,Rice,South,743
30-06-2028,Rice,West,771
01-07-2028,Milk,East,937
02-07-2028,Milk,East,520
03-07-2028,Milk,East,124
04-07-2028,Bread,East,326
05-07-2028,TV,East,989
06-07-2028,Bread,South,694
07-07-2028,TV,East,392
08-07-2028,TV,North,474
09-07-2028,Rice,North,620
10-07-2028,Rice,South,560
11-07-2028,TV,West,906
12-07-2028,TV,North,231
13-07-2028,Bread,West,507
14-07-2028,Bread,South,967
15-07-2028,Rice,West,900
16-07-2028,Milk,West,882
17-07-2028,TV,West,113
18-07-2028,Bread,West,888
19-07-2028,Rice,South,309
20-07-2028,Bread,North,242
21-07-2028,TV,East,704
22-07-2028,TV,West,665
23-07-2028,Shirt,North,455
24-07-2028,Milk,North,775
25-07-2028,Shirt,South,803
26-07-2028,Rice,North,992
27-07-2028,Bread,South,770
28-07-2028,Rice,West,142
29-07-2028,TV,West,479
30-07-2028,Shirt,East,703
31-07-2028,Shirt,East,483
01-08-2028,Shirt,East,453
02-08-2028,Rice,North,483
03-08-2028,TV,West,161
04-08-2028,Bread,South,978
05-08-2028,Bread,East,424
06-08-2028,Rice,South,108
07-08-2028,Shirt,South,92
08-08-2028,Milk,East,256
09-08-2028,Rice,West,829
10-08-2028,Rice,East,345
11-08-2028,TV,South,167
12-08-2028,Bread,East,581
13-08-2028,Rice,South,271
14-08-2028,Rice,South,215
15-08-2028,Shirt,East,692
16-08-2028,Shirt,North,205
17-08-2028,Milk,East,233
18-08-2028,TV,North,139
19-08-2028,Milk,South,143
20-08-2028,Shirt,South,62
21-08-2028,Bread,North,883
22-08-2028,Shirt,South,854
23-08-2028,TV,North,994
24-08-2028,Shirt,North,791
25-08-2028,TV,South,883
26-08-2028,TV,West,853
27-08-2028,TV,North,487
28-08-2028,TV,East,587
29-08-2028,TV,East,636
30-08-2028,Bread,South,925
31-08-2028,Milk,West,985
01-09-2028,Rice,South,860
02-09-2028,Milk,West,199
03-09-2028,TV,North,709
04-09-2028,Bread,North,57
05-09-2028,Shirt,North,78
06-09-2028,Bread,North,345
07-09-2028,TV,East,975
08-09-2028,Bread,East,770
09-09-2028,Bread,South,689
10-09-2028,TV,West,389
11-09-2028,Bread,North,677
12-09-2028,Rice,North,488
13-09-2028,Rice,West,193
14-09-2028,Bread,West,991
15-09-2028,Shirt,South,879
16-09-2028,TV,West,796
17-09-2028,Rice,North,568
18-09-2028,Shirt,North,94
19-09-2028,Bread,North,288
20-09-2028,Shirt,North,993
21-09-2028,Milk,North,204
22-09-2028,Rice,South,230
23-09-2028,Bread,North,264
24-09-2028,TV,South,137
25-09-2028,Bread,North,305
26-09-2028,TV,East,560
27-09-2028,Bread,East,122
28-09-2028,Shirt,East,980
29-09-2028,Shirt,East,228
30-09-2028,Shirt,South,261
01-10-2028,Milk,South,854
02-10-2028,TV,West,283
03-10-2028,Shirt,North,514
04-10-2028,Milk,East,800
05-10-2028,TV,South,272
06-10-2028,Bread,North,680
07-10-2028,Milk,North,874
08-10-2028,Rice,South,313
09-10-2028,Milk,East,256
10-10-2028,Milk,West,656
11-10-2028,TV,North,934
12-10-2028,Bread,West,783
13-10-2028,Rice,East,415
14-10-2028,Shirt,East,325
15-10-2028,Shirt,West,429
16-10-2028,Milk,East,792
17-10-2028,TV,North,358
18-10-2028,TV,West,680
19-10-2028,Shirt,East,317
20-10-2028,Rice,West,994
21-10-2028,Bread,North,834
22-10-2028,Rice,East,113
23-10-2028,Bread,North,859
24-10-2028,Shirt,East,399
25-10-2028,Bread,South,974
26-10-2028,TV,East,964
27-10-2028,Milk,West,543
28-10-2028,Milk,East,572
29-10-2028,Shirt,North,147
30-10-2028,TV,North,995
31-10-2028,Rice,East,120
01-11-2028,TV,West,413
02-11-2028,Milk,South,619
03-11-2028,Milk,West,851
04-11-2028,TV,South,812
05-11-2028,TV,North,325
06-11-2028,Milk,West,99
07-11-2028,Rice,South,407
08-11-2028,Shirt,East,777
09-11-2028,Shirt,North,955
10-11-2028,TV,East,977
11-11-2028,Shirt,North,613
12-11-2028,Milk,West,832
13-11-2028,Milk,West,534
14-11-2028,TV,North,133
15-11-2028,TV,North,948
16-11-2028,TV,North,854
17-11-2028,Rice,West,687
18-11-2028,Shirt,South,857
19-11-2028,TV,East,633
20-11-2028,Bread,East,345
21-11-2028,Bread,West,285
22-11-2028,Milk,East,105
23-11-2028,Shirt,North,968
24-11-2028,TV,South,409
25-11-2028,Bread,East,956
26-11-2028,Shirt,South,159
27-11-2028,Milk,North,241
28-11-2028,Rice,East,953
29-11-2028,Shirt,West,142
30-11-2028,Shirt,South,911
01-12-2028,Rice,North,617
02-12-2028,Shirt,South,109
03-12-2028,Milk,East,699
04-12-2028,Milk,East,88
05-12-2028,Rice,West,589
06-12-2028,TV,North,98
07-12-2028,Bread,North,469
08-12-2028,TV,West,686
09-12-2028,Shirt,West,62
10-12-2028,Bread,North,85
11-12-2028,Rice,South,150
12-12-2028,Rice,South,843
13-12-2028,Bread,West,135
14-12-2028,Milk,South,565
15-12-2028,Bread,North,272
16-12-2028,Shirt,East,387
17-12-2028,Milk,East,215
18-12-2028,Rice,South,432
19-12-2028,Bread,West,905
20-12-2028,TV,West,944
21-12-2028,TV,West,425
22-12-2028,Shirt,West,520
23-12-2028,TV,West,839
24-12-2028,Bread,South,691
25-12-2028,Bread,East,80
26-12-2028,TV,East,424
27-12-2028,Bread,South,60
28-12-2028,Shirt,West,351
29-12-2028,Milk,South,145
30-12-2028,Shirt,East,239
31-12-2028,Shirt,North,502
01-01-2029,Bread,South,241
02-01-2029,Milk,West,535
03-01-2029,Bread,East,315
04-01-2029,Rice,East,473
05-01-2029,Bread,East,177
06-01-2029,Bread,East,287
07-01-2029,Bread,West,969
08-01-2029,Milk,North,404
09-01-2029,Bread,East,989
10-01-2029,Milk,South,161
11-01-2029,TV,North,877
12-01-2029,Rice,East,495
13-01-2029,Milk,North,392
14-01-2029,TV,South,194
15-01-2029,Milk,East,114
16-01-2029,Milk,South,296
17-01-2029,Rice,West,784
18-01-2029,Shirt,East,539
19-01-2029,Shirt,East,874
20-01-2029,Milk,East,488
21-01-2029,Bread,East,155
22-01-2029,TV,West,230
23-01-2029,Bread,East,233
24-01-2029,Bread,North,275
25-01-2029,Milk,East,826
26-01-2029,Milk,West,839
27-01-2029,Milk,East,958
28-01-2029,Milk,North,138
29-01-2029,Shirt,West,737
30-01-2029,Milk,West,579
31-01-2029,Shirt,North,420
01-02-2029,Shirt,North,985
02-02-2029,Milk,North,962
03-02-2029,Rice,North,448
04-02-2029,TV,North,155
05-02-2029,Bread,West,320
06-02-2029,Shirt,West,880
07-02-2029,TV,East,552
08-02-2029,Rice,East,728
09-02-2029,Bread,South,574
10-02-2029,Bread,East,898
11-02-2029,Shirt,East,81
12-02-2029,Milk,North,442
13-02-2029,Rice,North,89
14-02-2029,Shirt,East,709
15-02-2029,Rice,South,267
16-02-2029,Milk,North,780
17-02-2029,Milk,East,131
18-02-2029,Shirt,East,894
19-02-2029,Milk,West,769
20-02-2029,TV,South,250
21-02-2029,Bread,West,496
22-02-2029,Shirt,South,893
23-02-2029,Rice,North,477
24-02-2029,TV,South,87
25-02-2029,Shirt,East,260
26-02-2029,Milk,East,493
27-02-2029,Milk,South,376
28-02-2029,Milk,South,810
01-03-2029,Milk,South,276
02-03-2029,Rice,West,97
03-03-2029,TV,South,67
04-03-2029,Bread,North,961
05-03-2029,Rice,West,488
06-03-2029,Rice,West,856
07-03-2029,Bread,South,757
08-03-2029,Bread,North,236
09-03-2029,Milk,West,394
10-03-2029,Rice,East,273
11-03-2029,Shirt,West,879
12-03-2029,Bread,South,537
13-03-2029,Bread,North,958
14-03-2029,TV,South,926
15-03-2029,Shirt,East,898
16-03-2029,Shirt,East,278
17-03-2029,Bread,East,439
18-03-2029,Milk,South,638
19-03-2029,TV,West,237
20-03-2029,Shirt,South,907
21-03-2029,Bread,North,319
22-03-2029,Shirt,West,656
23-03-2029,TV,East,359
24-03-2029,TV,South,181
25-03-2029,Rice,East,600
26-03-2029,Bread,East,121
27-03-2029,TV,North,842
28-03-2029,Rice,West,894
29-03-2029,Rice,North,721
30-03-2029,Shirt,North,236
31-03-2029,Shirt,North,535
01-04-2029,Rice,East,240
02-04-2029,Shirt,North,471
03-04-2029,TV,North,169
04-04-2029,Milk,West,269
05-04-2029,TV,West,102
06-04-2029,Rice,North,783
07-04-2029,Rice,West,500
08-04-2029,TV,West,461
09-04-2029,Shirt,North,692
10-04-2029,Shirt,East,286
11-04-2029,Rice,North,807
12-04-2029,Bread,West,787
13-04-2029,Shirt,East,769
14-04-2029,TV,South,455
15-04-2029,Shirt,East,657
16-04-2029,TV,West,471
17-04-2029,Rice,East,761
18-04-2029,Shirt,North,296
19-04-2029,TV,South,121
20-04-2029,Rice,South,879
21-04-2029,Bread,South,234
22-04-2029,TV,West,55
23-04-2029,Bread,West,255
24-04-2029,Bread,South,593
25-04-2029,Milk,East,660
26-04-2029,Shirt,South,955
27-04-2029,TV,East,436
28-04-2029,Bread,East,817
29-04-2029,Milk,West,748
30-04-2029,Rice,East,125
01-05-2029,TV,South,226
02-05-2029,Bread,West,876
03-05-2029,Shirt,North,848
04-05-2029,Milk,North,398
05-05-2029,Bread,West,304
06-05-2029,Shirt,South,886
07-05-2029,Bread,North,751
08-05-2029,TV,North,357
09-05-2029,TV,East,394
10-05-2029,TV,East,176
11-05-2029,Milk,South,986
12-05-2029,TV,West,336
13-05-2029,Shirt,South,815
14-05-2029,Bread,West,774
15-05-2029,Rice,North,811
16-05-2029,Shirt,East,645
17-05-2029,Shirt,South,536
18-05-2029,TV,South,432
19-05-2029,Milk,West,455
20-05-2029,Bread,West,437
21-05-2029,Milk,South,574
22-05-2029,Bread,West,606
23-05-2029,Bread,South,688
24-05-2029,Milk,South,987
25-05-2029,Shirt,South,675
26-05-2029,Bread,North,994
27-05-2029,Milk,West,325
28-05-2029,Bread,East,549
29-05-2029,Rice,East,766
30-05-2029,Shirt,West,386
31-05-2029,TV,South,999
01-06-2029,Bread,East,981
02-06-2029,Rice,East,530
03-06-2029,TV,West,946
04-06-2029,TV,East,960
05-06-2029,Bread,South,322
06-06-2029,Milk,West,969
07-06-2029,Bread,South,107
08-06-2029,Rice,East,377
09-06-2029,TV,East,780
10-06-2029,Bread,South,158
11-06-2029,Milk,North,328
12-06-2029,Bread,East,735
13-06-2029,Shirt,North,377
14-06-2029,Milk,East,825
15-06-2029,Rice,North,364
16-06-2029,TV,North,523
17-06-2029,Bread,North,160
18-06-2029,Milk,South,748
19-06-2029,Shirt,North,830
20-06-2029,Milk,North,984
21-06-2029,Shirt,North,278
22-06-2029,Rice,East,546
